id,Predicted_Price_euros
181,2337.790218225022
708,667.6533254598867
862,357.0710537502458
1064,1536.1328195000674
702,1165.342793897297
585,1616.643526785142
195,2682.165289719399
463,606.6775963146406
14,4603.636686350993
621,1379.2711529503952
1259,1403.4960870832892
551,489.9843875777375
358,530.070225721616
610,656.5194003764301
880,430.8567067768597
655,1156.385012447408
630,601.4932417805122
483,1445.4049965739846
115,1214.4516156791394
297,1802.617254791696
1162,1200.55962266443
666,1335.5377228506059
1278,1533.77093120673
777,1242.9602259666158
521,1819.7716423953361
93,868.3795019584431
260,759.7851026080282
733,383.5858788208526
908,983.6788670813673
797,306.77696810561963
71,1329.794720803001
60,1226.0442924899987
608,1843.5353655595054
82,340.08928321664985
540,531.5595401466401
761,1502.9609578296092
473,900.422346978227
183,721.2895745945311
186,2977.324623257761
846,437.8955286129873
901,660.1461354588782
912,1053.452957986749
27,1549.896421746821
1127,1858.510852862295
858,1115.42933998832
958,1884.4445405549473
771,540.6291608694712
930,3711.5522778152654
807,161.38431447007588
618,1680.1707806789498
250,1091.244067765515
334,932.2567144589843
180,944.8829842725597
886,297.79128243016316
394,1267.3398407370178
659,711.4724757984051
764,853.0285592042642
428,340.41699886047786
1231,1121.9537714873384
865,1155.9922937767858
1286,1326.3287109891705
635,1158.44979525978
143,495.4573908206279
376,1129.4441044118341
1032,1214.603989012206
1057,1405.11855165189
1089,500.98645670553265
87,2102.7331494333716
1072,470.6190081317952
211,2579.1155232032825
1003,944.4099698103906
889,2479.744730611865
1066,1892.613614106311
1225,1157.224641553681
146,1376.1394153032966
1044,1071.076156627977
1105,1006.9278822959661
59,360.6492078850125
251,1173.5158598498924
954,894.8501520883049
948,329.54593960764225
887,1889.56409772763
369,1205.12339522879
1148,622.2236415076601
1062,1375.0146163209288
1135,1448.2342444781484
1180,2360.672000288351
620,392.14804153892294
304,2508.1582657190347
1048,643.2269241949734
157,536.651426271015
1128,303.1988139708528
714,1155.9922937767858
993,993.9819359408588
689,2559.3015809024932
443,474.5019355770795
673,1732.9625282380025
975,921.4869782900385
391,1150.3673065945075
810,866.2125326263338
32,505.46792808574173
724,480.62978319929425
287,1644.7961561362067
857,1226.4477001624953
1087,858.5442783883364
386,1235.3225112503744
649,832.6582632969762
1247,730.7942597153803
279,1498.4351174839453
1176,1206.4869789180525
1125,1005.4763964759663
286,899.652124137082
937,325.14906719755777
508,759.2356147353829
88,1060.9582080949
446,1502.9609578296092
336,941.880024754442
779,973.9645806637473
224,859.0856822402975
834,1486.9385960122438
238,404.87682258101256
582,1087.2910169110546
726,877.5391336210778
462,1871.8081011625022
863,327.7913786178417
987,1360.7968525668036
1118,2211.9549108908377
1151,1992.7296356009913
736,1820.7563609180215
957,1215.7430162583373
502,1030.2234263192738
811,1059.7618826960095
898,204.45975265513562
802,1365.798385067167
265,599.4446368661764
1081,506.9131568764233
104,285.1471222122866
675,2335.2498849186095
1209,1156.0772358528477
1004,637.2289061258804
29,786.5172772443614
432,1917.9446473381126
684,1983.4295385963553
240,1088.1754178031786
237,3334.168100901973
152,1035.3717468525617
725,939.6460803363448
97,628.3981836582541
1155,1145.2672250750766
746,3006.820573766091
1143,880.0800485724372
592,680.4301533256022
479,1561.886406384945
1098,519.1764222007881
903,1132.2813435898465
936,1088.2322077313295
539,2200.036301902506
653,483.659118588228
310,721.8973758411995
892,1151.020140104776
338,2593.0852107912847
705,613.6940242544977
273,1101.347956018355
758,2530.893321999956
1080,2297.495392974336
1073,1728.6064113053087
480,1411.2996044219828
1267,1967.5163352263903
545,1235.3225112503744
153,419.11001580161303
573,1995.0336415790593
1150,2612.6999156246093
949,2224.728091675488
160,681.6149089554694
537,2673.7508566797414
1102,1422.6897700718982
833,952.6941726175396
513,1169.10276965739
1202,2983.8744494611647
76,1732.8284349098444
514,426.64494221103473
133,2033.8010960713127
1251,535.3086559024889
806,144.91017528409066
1021,804.0424947698098
206,1406.2350713571905
870,1216.7259421531928
179,842.5146851799682
706,609.198650219214
416,1833.8197599614218
534,1566.1375651436238
989,955.1291268631118
316,1211.1649215173852
507,1258.397448358103
817,303.1988139708528
776,1518.3365728938552
831,1682.9911573891195
1229,977.8311160493575
295,1352.7889624769698
660,1577.486022503444
612,902.9522920341756
529,1532.0070079551635
114,1069.4131638122242
492,1926.9893853061044
226,1229.532639927935
695,281.8521400121185
751,650.1737340127298
644,561.7329204984866
1185,858.9627028104406
917,1983.4295385963553
527,834.8896016566752
854,886.6823316729852
182,1832.3336098082268
346,1034.8109026865102
90,353.43475202747663
468,1105.9579273673032
1147,525.3614844551648
1061,1304.910481379081
1156,1158.4059734704033
496,788.9306788459252
312,2235.7684013115127
822,1227.9847386638262
337,1488.1915826577629
835,1183.4480930474692
255,865.4739550691065
364,2422.8926128468725
944,2037.618663642097
1266,709.3499011502428
505,481.4787201846658
350,705.1754198075552
800,828.5343724290576
567,1171.5278561516739
1242,2226.9303981936273
905,1171.120707819537
587,1209.3243205570668
922,1047.0506708063722
259,1485.6196290863647
1248,1109.242559597701
641,163.24975643353264
128,601.2920427485302
215,2364.186524306413
756,596.6073976881643
1054,1066.5528250682883
651,1108.9624211106486
86,1856.1447695976576
1037,1227.9847386638262
1299,1032.3858161922265
1109,2108.424469827208
679,685.2419388984389
1099,1550.0314135786941
6,1445.9408925760335
1163,1150.3673065945075
516,1726.6116735096857
1115,1121.9537714873384
977,1779.943249652043
910,1129.6330955793935
962,441.8079554046077
264,1095.050865262413
83,1242.718592587752
1295,841.3183597810777
158,1200.2042015219793
487,735.7821713270883
765,719.5243295844072
445,565.3739647930237
617,1772.1191560164116
727,1120.310878470469
108,2097.369235402423
918,1842.0550475125942
991,1159.553324828229
81,1350.822897764377
122,772.4846155010795
383,525.3614844551648
951,1116.611559410646
75,1156.0772358528477
421,1255.4961916312475
145,376.60941435621976
8,1782.9056427164478
175,459.97276773918065
1123,2298.480111497022
927,529.422598313
875,2016.6334369500726
1029,1436.2432286926164
1265,1134.0159162094685
1033,551.0297168620737
663,378.1147008766002
184,661.2926555370562
896,1269.4424164400411
688,668.2694401446425
984,726.165125729543
744,1133.268045419306
38,771.6144757974879
1227,1409.955607314979
605,1304.910481379081
1246,2072.148053277398
77,2122.6261749094024
1252,617.3350685490348
920,832.6582632969762
805,1009.7043365469433
397,1127.6450918811747
231,575.1528275671602
1104,748.7670630725913
1204,1203.1031583193192
1217,1287.856686727156
149,1807.725691114275
461,660.1461354588782
21,2083.2765998793957
357,1688.3848604056318
780,1563.1316022537062
343,405.09437366351005
737,387.34095598888666
845,937.7561338865235
173,1550.987141229836
781,742.0916156130753
1164,313.43280704220547
819,444.23154956652104
277,622.2236415076601
674,1950.63327827787
1279,2539.034140465991
1255,1909.6468322419184
1240,882.0393077379542
41,1548.5896773962236
719,1456.9837883500575
298,2376.540176828561
935,1885.0804758154086
826,1066.0771253888543
278,1444.1146604446665
477,1655.5042417443544
542,387.34095598888666
151,585.598971854878
900,281.8521400121185
1124,1054.1047457300258
1216,207.4666355488771
459,996.4286604159395
584,357.21470871040765
294,657.3324407930781
1076,739.4231651936288
91,1968.504189121443
632,1093.8853470615188
1117,438.5573840069593
457,1118.0956470520139
326,598.0619412527954
925,1897.9237370121402
398,485.00544148534027
940,1026.8228913445203
363,795.5077490426215
906,1005.1996935025164
820,885.5292640325023
1020,1355.5426791454452
556,1342.3287427463463
384,1092.9006285388332
885,1150.7002373739163
1285,1191.8249843707224
438,480.5171819904276
837,1284.2886451346708
979,1152.4121002208772
548,409.71617291234907
170,816.2393092702039
62,1894.2967070691707
309,538.9089506567507
816,1394.2345266746343
22,397.5767779533812
285,1788.7019755546744
668,524.7447966864277
417,1106.910880866061
685,1784.5810880585555
1049,791.3215985590467
440,610.3168041672069
299,1701.6510380524473
1188,847.3243642855214
552,517.8501562279877
586,371.6741428883406
783,1150.79364513656
1070,816.2393092702039
1210,1155.8867568307799
1014,415.62664081880564
501,1433.4750362687291
140,1227.9847386638262
235,311.0259874048344
317,511.76060221872467
861,1158.4059734704033
257,1093.8853470615188
1200,204.50862846333825
371,1167.425693212668
1112,410.68008642937275
419,2118.599311934741
385,518.937934369815
1281,1050.6908131513233
524,1729.851808224063
1015,435.67988413869466
1236,446.88248326642974
1036,1389.345305102981
